{
  "SNX": {
    "entry": 1.1244,
    "peak": 1.1672,
    "size": 10.672358591248665,
    "adds_done": 0,
    "breakeven_moved": true,
    "timestamp": 1758965468.241981
  },
  "MYX": {
    "entry": 11.1553,
    "peak": 11.6433,
    "size": 1.0757218541859026,
    "adds_done": 0,
    "breakeven_moved": true,
    "timestamp": 1758965468.241981
  },
  "XPL": {
    "entry": 1.4435,
    "peak": 1.5028,
    "size": 8.313127814340145,
    "adds_done": 0,
    "breakeven_moved": true,
    "timestamp": 1758965468.241981
  }
}